{
  "stage1": {
    "accuracy": [
      0.664162278175354,
      0.8052216172218323,
      0.8454169631004333,
      0.8606311082839966,
      0.8758452534675598,
      0.8944402933120728,
      0.8916228413581848,
      0.9043951630592346,
      0.9053343534469604,
      0.9105935096740723,
      0.9214876294136047,
      0.9207363128662109,
      0.921675443649292,
      0.9231780767440796
    ],
    "loss": [
      2.0057880878448486,
      1.3707292079925537,
      1.1802476644515991,
      1.1020705699920654,
      1.0339387655258179,
      1.0083125829696655,
      0.9892817735671997,
      0.9521144032478333,
      0.9348296523094177,
      0.8993544578552246,
      0.8607562184333801,
      0.8606455326080322,
      0.8592106699943542,
      0.8692086935043335
    ],
    "val_accuracy": [
      0.8974837064743042,
      0.908667266368866,
      0.9198508858680725,
      0.9403541684150696,
      0.9394221901893616,
      0.9403541684150696,
      0.9440820217132568,
      0.9468778967857361,
      0.9422180652618408,
      0.9431500434875488,
      0.9515377283096313,
      0.9543336629867554,
      0.9496738314628601,
      0.9534016847610474
    ],
    "val_loss": [
      0.5611076354980469,
      0.534240186214447,
      0.5094221234321594,
      0.4924052953720093,
      0.494157075881958,
      0.4793540835380554,
      0.4736582338809967,
      0.46755799651145935,
      0.46529364585876465,
      0.4600255489349365,
      0.455258846282959,
      0.4517240822315216,
      0.450797975063324,
      0.4476916491985321
    ],
    "learning_rate": [
      9.999999747378752e-05,
      9.999999747378752e-05,
      9.999999747378752e-05,
      9.999999747378752e-05,
      9.999999747378752e-05,
      9.999999747378752e-05,
      9.999999747378752e-05,
      9.999999747378752e-05,
      9.999999747378752e-05,
      9.999999747378752e-05,
      9.999999747378752e-05,
      9.999999747378752e-05,
      9.999999747378752e-05,
      9.999999747378752e-05
    ]
  },
  "stage2": {
    "accuracy": [
      0.9357625842094421,
      0.9402704834938049,
      0.9445905089378357,
      0.9515401721000671,
      0.9552967548370361,
      0.9629977345466614,
      0.9624342322349548,
      0.9699473977088928,
      0.9706987142562866,
      0.9716378450393677
    ],
    "loss": [
      0.8105623126029968,
      0.784423291683197,
      0.7603411674499512,
      0.7176721692085266,
      0.7171964049339294,
      0.6745244860649109,
      0.6714149117469788,
      0.6434197425842285,
      0.6358205080032349,
      0.6300548315048218
    ],
    "val_accuracy": [
      0.9515377283096313,
      0.9571295380592346,
      0.9571295380592346,
      0.9608573913574219,
      0.9599254131317139,
      0.9608573913574219,
      0.9580615162849426,
      0.9589934945106506,
      0.9617893695831299,
      0.9655172228813171
    ],
    "val_loss": [
      0.43651601672172546,
      0.430990606546402,
      0.4254752993583679,
      0.41949766874313354,
      0.42060697078704834,
      0.4144943952560425,
      0.42387619614601135,
      0.41482818126678467,
      0.411965548992157,
      0.4046536386013031
    ],
    "learning_rate": [
      9.999999747378752e-06,
      9.999999747378752e-06,
      9.999999747378752e-06,
      9.999999747378752e-06,
      9.999999747378752e-06,
      9.999999747378752e-06,
      9.999999747378752e-06,
      9.999999747378752e-06,
      9.999999747378752e-06,
      9.999999747378752e-06
    ]
  },
  "config": {
    "seed": 42,
    "batch_size": 32,
    "initial_epochs": 14,
    "finetune_epochs": 10,
    "base_lr": 0.0001,
    "finetune_lr": 1e-05,
    "label_smoothing": 0.06,
    "adam_clipnorm": 1.0,
    "adam_weight_decay": 1e-05,
    "refine_epochs": 6,
    "refine_lr": 5e-06,
    "hard_breed_weight_boost": 1.45,
    "hard_breed_oversample_factor": 1.6
  },
  "stage3_refine": {
    "accuracy": [
      0.9731886982917786,
      0.9766680598258972,
      0.9785100221633911,
      0.9807613492012024,
      0.9809660315513611,
      0.983422040939331
    ],
    "loss": [
      0.5678051114082336,
      0.5555691123008728,
      0.547092616558075,
      0.5381380915641785,
      0.5368245840072632,
      0.527388870716095
    ],
    "val_accuracy": [
      0.9174311757087708,
      0.9151375889778137,
      0.9174311757087708,
      0.9105504751205444,
      0.9151375889778137,
      0.9105504751205444
    ],
    "val_loss": [
      0.5360494256019592,
      0.5269450545310974,
      0.5307909250259399,
      0.5289267897605896,
      0.5250164270401001,
      0.5232337713241577
    ],
    "learning_rate": [
      4.999999873689376e-06,
      4.999999873689376e-06,
      4.999999873689376e-06,
      4.999999873689376e-06,
      4.999999873689376e-06,
      4.999999873689376e-06
    ]
  }
}