{
  "stage1": {
    "accuracy": [
      0.7215794920921326,
      0.8508551120758057,
      0.8820422291755676,
      0.89864182472229,
      0.8978873491287231,
      0.9104627966880798,
      0.9167504906654358,
      0.922535240650177,
      0.9185110926628113,
      0.9268108606338501
    ],
    "loss": [
      1.8345128297805786,
      1.3789420127868652,
      1.1928738355636597,
      1.1127873659133911,
      1.0708600282669067,
      0.9771040678024292,
      0.9354743957519531,
      0.9538678526878357,
      0.9157307744026184,
      0.8958653211593628
    ],
    "val_accuracy": [
      0.8984156847000122,
      0.9179869294166565,
      0.931034505367279,
      0.928238570690155,
      0.9338303804397583,
      0.931034505367279,
      0.9403541684150696,
      0.9440820217132568,
      0.9440820217132568,
      0.9487418532371521
    ],
    "val_loss": [
      0.5810814499855042,
      0.5263621211051941,
      0.5074071288108826,
      0.5067880749702454,
      0.4930919408798218,
      0.48810791969299316,
      0.47902217507362366,
      0.4749140441417694,
      0.47050824761390686,
      0.4573296010494232
    ],
    "learning_rate": [
      9.999999747378752e-05,
      9.999999747378752e-05,
      9.999999747378752e-05,
      9.999999747378752e-05,
      9.999999747378752e-05,
      9.999999747378752e-05,
      9.999999747378752e-05,
      9.999999747378752e-05,
      9.999999747378752e-05,
      9.999999747378752e-05
    ]
  },
  "stage2": {
    "accuracy": [
      0.9285714030265808,
      0.9434104561805725,
      0.9431589245796204,
      0.9436619877815247,
      0.9449195265769958,
      0.9496982097625732
    ],
    "loss": [
      0.8600651025772095,
      0.8120895028114319,
      0.7842755913734436,
      0.7900964617729187,
      0.768399715423584,
      0.7652029395103455
    ],
    "val_accuracy": [
      0.9496738314628601,
      0.9515377283096313,
      0.9487418532371521,
      0.9459459185600281,
      0.9506057500839233,
      0.9580615162849426
    ],
    "val_loss": [
      0.4424920976161957,
      0.436749130487442,
      0.4348527193069458,
      0.4338114261627197,
      0.4259401857852936,
      0.4187431335449219
    ],
    "learning_rate": [
      9.999999747378752e-06,
      9.999999747378752e-06,
      9.999999747378752e-06,
      9.999999747378752e-06,
      9.999999747378752e-06,
      9.999999747378752e-06
    ]
  },
  "config": {
    "seed": 42,
    "batch_size": 32,
    "initial_epochs": 10,
    "finetune_epochs": 6,
    "base_lr": 0.0001,
    "finetune_lr": 1e-05,
    "label_smoothing": 0.06,
    "adam_clipnorm": 1.0,
    "adam_weight_decay": 1e-05,
    "refine_epochs": 4,
    "refine_lr": 5e-06
  },
  "stage3_refine": {
    "accuracy": [
      0.8898141980171204,
      0.9051889777183533,
      0.8955797553062439,
      0.909673273563385
    ],
    "loss": [
      0.6969228982925415,
      0.6370648741722107,
      0.6390798091888428,
      0.6381390690803528
    ],
    "val_accuracy": [
      0.9013761281967163,
      0.9059633016586304,
      0.9082568883895874,
      0.9059633016586304
    ],
    "val_loss": [
      0.549238383769989,
      0.5507040619850159,
      0.548106849193573,
      0.5457967519760132
    ],
    "learning_rate": [
      4.999999873689376e-06,
      4.999999873689376e-06,
      4.999999873689376e-06,
      4.999999873689376e-06
    ]
  }
}