{
  "stage1": {
    "accuracy": [
      0.61774742603302,
      0.7912400364875793,
      0.8245164752006531,
      0.8495449423789978,
      0.8644766807556152,
      0.8782707452774048,
      0.8841012716293335,
      0.8967576622962952,
      0.9030147790908813,
      0.907423198223114,
      0.9084186553955078,
      0.912400484085083,
      0.9151023626327515,
      0.9212172627449036,
      0.9232081770896912,
      0.924345850944519,
      0.9277588129043579,
      0.9293230772018433,
      0.9333049058914185,
      0.9335892796516418
    ],
    "loss": [
      3.118164300918579,
      2.1535420417785645,
      1.9142099618911743,
      1.7675108909606934,
      1.7019463777542114,
      1.5939784049987793,
      1.549837589263916,
      1.4822124242782593,
      1.4870400428771973,
      1.437198281288147,
      1.4227327108383179,
      1.3977471590042114,
      1.3924063444137573,
      1.3317071199417114,
      1.331447720527649,
      1.3200091123580933,
      1.3177745342254639,
      1.2758647203445435,
      1.2774739265441895,
      1.254490613937378
    ],
    "val_accuracy": [
      0.8881640434265137,
      0.9245107173919678,
      0.9347623586654663,
      0.9347623586654663,
      0.9338303804397583,
      0.9422180652618408,
      0.9375582337379456,
      0.9431500434875488,
      0.9375582337379456,
      0.9431500434875488,
      0.9459459185600281,
      0.9468778967857361,
      0.9496738314628601,
      0.9459459185600281,
      0.9487418532371521,
      0.9487418532371521,
      0.9506057500839233,
      0.9487418532371521,
      0.9506057500839233,
      0.9524697065353394
    ],
    "val_loss": [
      0.5684252977371216,
      0.5178537964820862,
      0.512840211391449,
      0.5004341006278992,
      0.49780598282814026,
      0.4847539961338043,
      0.4820859730243683,
      0.47625577449798584,
      0.4702148139476776,
      0.4700784683227539,
      0.4663459360599518,
      0.45973560214042664,
      0.4612613618373871,
      0.4573473036289215,
      0.4542004466056824,
      0.4520210027694702,
      0.4511736333370209,
      0.4504685699939728,
      0.4460148513317108,
      0.44450169801712036
    ],
    "learning_rate": [
      9.999999747378752e-05,
      9.999999747378752e-05,
      9.999999747378752e-05,
      9.999999747378752e-05,
      9.999999747378752e-05,
      9.999999747378752e-05,
      9.999999747378752e-05,
      9.999999747378752e-05,
      9.999999747378752e-05,
      9.999999747378752e-05,
      9.999999747378752e-05,
      9.999999747378752e-05,
      9.999999747378752e-05,
      9.999999747378752e-05,
      9.999999747378752e-05,
      9.999999747378752e-05,
      9.999999747378752e-05,
      9.999999747378752e-05,
      9.999999747378752e-05,
      9.999999747378752e-05
    ]
  },
  "stage2": {
    "accuracy": [
      0.9482366442680359,
      0.9488054513931274,
      0.9569112658500671,
      0.9668657779693604,
      0.9711319804191589,
      0.9742605090141296,
      0.9755403995513916,
      0.9792377948760986,
      0.9803754091262817,
      0.9817975163459778,
      0.984499454498291,
      0.9849260449409485
    ],
    "loss": [
      1.1819489002227783,
      1.1760770082473755,
      1.1181507110595703,
      1.061522126197815,
      1.0159947872161865,
      1.00154709815979,
      0.994414210319519,
      0.9527965188026428,
      0.9352728724479675,
      0.9317619204521179,
      0.9111723899841309,
      0.9027073383331299
    ],
    "val_accuracy": [
      0.9580615162849426,
      0.9543336629867554,
      0.9627213478088379,
      0.9608573913574219,
      0.9627213478088379,
      0.9627213478088379,
      0.9645853042602539,
      0.9645853042602539,
      0.9599254131317139,
      0.9673811793327332,
      0.9636533260345459,
      0.9664492011070251
    ],
    "val_loss": [
      0.43767204880714417,
      0.4298289716243744,
      0.4209575057029724,
      0.430020272731781,
      0.4271981120109558,
      0.41783609986305237,
      0.4142095446586609,
      0.4136523902416229,
      0.41982612013816833,
      0.4067784547805786,
      0.4105835258960724,
      0.4078177511692047
    ],
    "learning_rate": [
      9.999999747378752e-06,
      9.999999747378752e-06,
      9.999999747378752e-06,
      9.999999747378752e-06,
      9.999999747378752e-06,
      9.999999747378752e-06,
      9.999999747378752e-06,
      9.999999747378752e-06,
      9.999999747378752e-06,
      9.999999747378752e-06,
      9.999999747378752e-06,
      9.999999747378752e-06
    ]
  },
  "config": {
    "seed": 42,
    "batch_size": 32,
    "initial_epochs": 20,
    "finetune_epochs": 12,
    "base_lr": 0.0001,
    "finetune_lr": 1e-05,
    "label_smoothing": 0.06,
    "adam_clipnorm": 1.0,
    "adam_weight_decay": 1e-05,
    "refine_epochs": 8,
    "refine_lr": 5e-06,
    "hard_breed_weight_boost": 3.0,
    "hard_breed_oversample_factor": 3.0
  },
  "stage3_refine": {
    "accuracy": [
      0.9899789690971375,
      0.9923752546310425,
      0.9950621128082275,
      0.9948442578315735,
      0.995134711265564,
      0.996732234954834,
      0.996950089931488
    ],
    "loss": [
      0.8506126999855042,
      0.8269422650337219,
      0.8108062744140625,
      0.8130767941474915,
      0.8042518496513367,
      0.7932788729667664,
      0.7833658456802368
    ],
    "val_accuracy": [
      0.9128440618515015,
      0.9197247624397278,
      0.9197247624397278,
      0.9174311757087708,
      0.9151375889778137,
      0.9220183491706848,
      0.9220183491706848
    ],
    "val_loss": [
      0.5441875457763672,
      0.5323538184165955,
      0.5274165272712708,
      0.524872899055481,
      0.5287721157073975,
      0.5271360278129578,
      0.5261496305465698
    ],
    "learning_rate": [
      4.999999873689376e-06,
      4.999999873689376e-06,
      4.999999873689376e-06,
      4.999999873689376e-06,
      4.999999873689376e-06,
      4.999999873689376e-06,
      4.999999873689376e-06
    ]
  }
}